name;french;english
abomasnow;Blizzaroi;Abomasnow
abomasnow-mega;Méga-Blizzaroi;Mega Abomasnow
abra;Abra;Abra
absol;Absol;Absol
absol-mega;Méga-Absol;Mega Absol
accelgor;Limaspeed;Accelgor
aegislash-blade;Forme Assaut;Blade Forme
aegislash-shield;Forme Parade;Shield Forme
aerodactyl;Ptéra;Aerodactyl
aerodactyl-mega;Méga-Ptéra;Mega Aerodactyl
aggron;Galeking;Aggron
aggron-mega;Méga-Galeking;Mega Aggron
aipom;Capumain;Aipom
alakazam;Alakazam;Alakazam
alakazam-mega;Méga-Alakazam;Mega Alakazam
alcremie;Charmilly;Alcremie
alcremie-gmax;Charmilly Gigamax;Gigantamax Alcremie
alomomola;Mamanbo;Alomomola
altaria;Altaria;Altaria
altaria-mega;Méga-Altaria;Mega Altaria
amaura;Amagara;Amaura
ambipom;Capidextre;Ambipom
amoonguss;Gaulet;Amoonguss
ampharos;Pharamp;Ampharos
ampharos-mega;Méga-Pharamp;Mega Ampharos
anorith;Anorith;Anorith
appletun;Dratatin;Appletun
appletun-gmax;Dratatin Gigamax;Gigantamax Appletun
applin;Verpom;Applin
araquanid;Tarenbulle;Araquanid
araquanid-totem;Tarenbulle Dominant;Totem Araquanid
arbok;Arbok;Arbok
arcanine;Arcanin;Arcanine
arceus;Arceus;Arceus
archen;Arkéapti;Archen
archeops;Aéroptéryx;Archeops
arctovish;Hydragla;Arctovish
arctozolt;Galvagla;Arctozolt
ariados;Migalos;Ariados
armaldo;Armaldo;Armaldo
aromatisse;Cocotine;Aromatisse
aron;Galekid;Aron
arrokuda;Embrochet;Arrokuda
articuno;Artikodin;Articuno
articuno-galar;Artikodin de Galar;Articuno
audino;Nanméouïe;Audino
audino-mega;Méga-Nanméouïe;Mega Audino
aurorus;Dragmara;Aurorus
avalugg;Séracrawl;Avalugg
axew;Coupenotte;Axew
azelf;Créfadet;Azelf
azumarill;Azumarill;Azumarill
azurill;Azurill;Azurill
bagon;Draby;Bagon
baltoy;Balbuto;Baltoy
banette;Branette;Banette
banette-mega;Méga-Branette;Mega Banette
barbaracle;Golgopathe;Barbaracle
barboach;Barloche;Barboach
barraskewda;Hastacuda;Barraskewda
basculin-blue-striped;Bargantua bleu;Blue-Striped Form
basculin-red-striped;Bargantua rouge;Red-Striped Form
bastiodon;Bastiodon;Bastiodon
bayleef;Macronium;Bayleef
beartic;Polagriffe;Beartic
beautifly;Charmillon;Beautifly
beedrill;Dardargnan;Beedrill
beedrill-mega;Méga-Dardargnan;Mega Beedrill
beheeyem;Neitram;Beheeyem
beldum;Terhal;Beldum
bellossom;Joliflor;Bellossom
bellsprout;Chétiflor;Bellsprout
bergmite;Grelaçon;Bergmite
bewear;Chelours;Bewear
bibarel;Castorno;Bibarel
bidoof;Keunotor;Bidoof
binacle;Opermine;Binacle
bisharp;Scalproie;Bisharp
blacephalon;Pierroteknik;Blacephalon
blastoise;Tortank;Blastoise
blastoise-gmax;Tortank Gigamax;Gigantamax Blastoise
blastoise-mega;Méga-Tortank;Mega Blastoise
blaziken;Braségali;Blaziken
blaziken-mega;Méga-Braségali;Mega Blaziken
blipbug;Larvadar;Blipbug
blissey;Leuphorie;Blissey
blitzle;Zébibron;Blitzle
boldore;Géolithe;Boldore
boltund;Fulgudog;Boltund
bonsly;Manzaï;Bonsly
bouffalant;Frison;Bouffalant
bounsweet;Croquine;Bounsweet
braixen;Roussil;Braixen
braviary;Gueriaigle;Braviary
breloom;Chapignon;Breloom
brionne;Otarlette;Brionne
bronzong;Archéodong;Bronzong
bronzor;Archéomire;Bronzor
bruxish;Denticrisse;Bruxish
budew;Rozbouton;Budew
buizel;Mustébouée;Buizel
bulbasaur;Bulbizarre;Bulbasaur
buneary;Laporeille;Buneary
bunnelby;Sapereau;Bunnelby
burmy;Cheniti;Burmy
butterfree;Papilusion;Butterfree
butterfree-gmax;Papilusion Gigamax;Gigantamax Butterfree
buzzwole;Mouscoto;Buzzwole
cacnea;Cacnea;Cacnea
cacturne;Cacturne;Cacturne
calyrex;Sylveroy;Calyrex
calyrex-ice-rider;Sylveroy Cavalier du Froid;Ice Rider Calyrex
calyrex-shadow-rider;Sylveroy Cavalier d'Effroi;Shadow Rider Calyrex
camerupt;Camérupt;Camerupt
camerupt-mega;Méga-Camérupt;Mega Camerupt
carbink;Strassie;Carbink
carkol;Wagomine;Carkol
carnivine;Vortente;Carnivine
carracosta;Mégapagos;Carracosta
carvanha;Carvanha;Carvanha
cascoon;Blindalys;Cascoon
castform;Morphéo;Castform
castform-rainy;Forme Eau de Pluie;Rainy Form
castform-snowy;Forme Blizzard;Snowy Form
castform-sunny;Forme Solaire;Sunny Form
caterpie;Chenipan;Caterpie
celebi;Celebi;Celebi
celesteela;Bamboiselle;Celesteela
centiskorch;Scolocendre;Centiskorch
centiskorch-gmax;Scolocendre Gigamax;Gigantamax Centiskorch
chandelure;Lugulabre;Chandelure
chansey;Leveinard;Chansey
charizard;Dracaufeu;Charizard
charizard-gmax;Dracaufeu Gigamax;Gigantamax Charizard
charizard-mega-x;Méga-Dracaufeu X;Mega Charizard X
charizard-mega-y;Méga-Dracaufeu Y;Mega Charizard Y
charjabug;Chrysapile;Charjabug
charmander;Salamèche;Charmander
charmeleon;Reptincel;Charmeleon
chatot;Pijako;Chatot
cherrim;Ceriflor;Cherrim
cherubi;Ceribou;Cherubi
chesnaught;Blindépique;Chesnaught
chespin;Marisson;Chespin
chewtle;Khélocrok;Chewtle
chikorita;Germignon;Chikorita
chimchar;Ouisticram;Chimchar
chimecho;Éoko;Chimecho
chinchou;Loupio;Chinchou
chingling;Korillon;Chingling
cinccino;Pashmilla;Cinccino
cinderace;Pyrobut;Cinderace
cinderace-gmax;Pyrobut Gigamax;Gigantamax Cinderace
clamperl;Coquiperl;Clamperl
clauncher;Flingouste;Clauncher
clawitzer;Gamblast;Clawitzer
claydol;Kaorine;Claydol
clefable;Mélodelfe;Clefable
clefairy;Mélofée;Clefairy
cleffa;Mélo;Cleffa
clobbopus;Poulpaf;Clobbopus
cloyster;Crustabri;Cloyster
coalossal;Monthracite;Coalossal
coalossal-gmax;Monthracite Gigamax;Gigantamax Coalossal
cobalion;Cobaltium;Cobalion
cofagrigus;Tutankafer;Cofagrigus
combee;Apitrini;Combee
combusken;Galifeu;Combusken
comfey;Guérilande;Comfey
conkeldurr;Bétochef;Conkeldurr
copperajah;Pachyradjah;Copperajah
copperajah-gmax;Pachyradjah Gigamax;Gigantamax Copperajah
corphish;Écrapince;Corphish
corsola;Corayon;Corsola
corsola-galar;Corayon de Galar;Galarian Corsola
corviknight;Corvaillus;Corviknight
corviknight-gmax;Corvaillus Gigamax;Gigantamax Corviknight
corvisquire;Bleuseille;Corvisquire
cosmoem;Cosmovum;Cosmoem
cosmog;Cosmog;Cosmog
cottonee;Doudouvet;Cottonee
crabominable;Crabominable;Crabominable
crabrawler;Crabagarre;Crabrawler
cradily;Vacilys;Cradily
cramorant;Nigosier;Cramorant
cranidos;Kranidos;Cranidos
crawdaunt;Colhomard;Crawdaunt
cresselia;Cresselia;Cresselia
croagunk;Cradopaud;Croagunk
crobat;Nostenfer;Crobat
croconaw;Crocrodil;Croconaw
crustle;Crabaraque;Crustle
cryogonal;Hexagel;Cryogonal
cubchoo;Polarhume;Cubchoo
cubone;Osselait;Cubone
cufant;Charibari;Cufant
cursola;Corayôme;Cursola
cutiefly;Bombydou;Cutiefly
cyndaquil;Héricendre;Cyndaquil
darkrai;Darkrai;Darkrai
darmanitan-standard;Darumacho Mode Transe;Galarian Standard Mode
darmanitan-standard-galar;Darumacho Mode Transe de Galar;Galarian Standard Mode
darmanitan-zen;Darumacho;Zen Mode
darmanitan-zen-galar;Darumacho de Galar;Galarian Zen Mode
dartrix;Efflèche;Dartrix
darumaka;Darumarond;Darumaka
darumaka-galar;Darumarond de Galar;Galarian Darumaka
decidueye;Archéduc;Decidueye
dedenne;Dedenne;Dedenne
deerling;Vivaldaim;Deerling
deino;Solochi;Deino
delcatty;Delcatty;Delcatty
delibird;Cadoizo;Delibird
delphox;Goupelin;Delphox
deoxys-attack;Forme Attaque;Attack Forme
deoxys-defense;Forme Défense;Defense Forme
deoxys-normal;Forme Normale;Normal Forme
deoxys-speed;Forme Vitesse;Speed Forme
dewgong;Lamantine;Dewgong
dewott;Mateloutre;Dewott
dewpider;Araqua;Dewpider
dhelmise;Sinistrail;Dhelmise
dialga;Dialga;Dialga
diancie;Diancie;Diancie
diancie-mega;Méga-Diancie;Mega Diancie
diggersby;Excavarenne;Diggersby
diglett;Taupiqueur;Diglett
diglett-alola;Taupiqueur d'Alola;Alolan Diglett
ditto;Métamorph;Ditto
dodrio;Dodrio;Dodrio
doduo;Doduo;Doduo
donphan;Donphan;Donphan
dottler;Coléodôme;Dottler
doublade;Dimoclès;Doublade
dracovish;Hydragon;Dracovish
dracozolt;Galvagon;Dracozolt
dragalge;Kravarech;Dragalge
dragapult;Lanssorien;Dragapult
dragonair;Draco;Dragonair
dragonite;Dracolosse;Dragonite
drakloak;Dispareptil;Drakloak
drampa;Draïeul;Drampa
drapion;Drascore;Drapion
dratini;Minidraco;Dratini
drednaw;Torgamord;Drednaw
drednaw-gmax;Torgamord Gigamax;Gigantamax Drednaw
dreepy;Fantyrm;Dreepy
drifblim;Grodrive;Drifblim
drifloon;Baudrive;Drifloon
drilbur;Rototaupe;Drilbur
drizzile;Arrozard;Drizzile
drowzee;Soporifik;Drowzee
druddigon;Drakkarmin;Druddigon
dubwool;Moumouflon;Dubwool
ducklett;Couaneton;Ducklett
dugtrio;Triopikeur;Dugtrio
dugtrio-alola;Triopikeur d'Alola;Alolan Dugtrio
dunsparce;Insolourdo;Dunsparce
duosion;Méios;Duosion
duraludon;Duralugon;Duraludon
duraludon-gmax;Duralugon Gigamax;Gigantamax Duraludon
durant;Fermite;Durant
dusclops;Téraclope;Dusclops
dusknoir;Noctunoir;Dusknoir
duskull;Skelénox;Duskull
dustox;Papinox;Dustox
dwebble;Crabicoque;Dwebble
eelektrik;Lampéroie;Eelektrik
eelektross;Ohmassacre;Eelektross
eevee;Évoli;Eevee
eevee-gmax;Évoli Gigamax;Gigantamax Eevee
eiscue-ice;Forme Tête de Gel;Ice Face
eiscue-noice;Forme Tête Dégel;Noice Face
ekans;Abo;Ekans
eldegoss;Blancoton;Eldegoss
electabuzz;Élektek;Electabuzz
electivire;Élekable;Electivire
electrike;Dynavolt;Electrike
electrode;Électrode;Electrode
elekid;Élekid;Elekid
elgyem;Lewsor;Elgyem
emboar;Roitiflam;Emboar
emolga;Emolga;Emolga
empoleon;Pingoléon;Empoleon
entei;Entei;Entei
escavalier;Lançargot;Escavalier
espeon;Mentali;Espeon
espurr;Psystigri;Espurr
eternatus;Éthernatos;Eternatus
eternatus-eternamax;Éthernatos Infinimax;Eternamax Eternatus
excadrill;Minotaupe;Excadrill
exeggcute;Noeunoeuf;Exeggcute
exeggutor;Noadkoko;Exeggutor
exeggutor-alola;Noadkoko d'Alola;Alolan Exeggutor
exploud;Brouhabam;Exploud
falinks;Hexadron;Falinks
farfetchd;Canarticho;Farfetch’d
farfetchd-galar;Canarticho de Galar;Galarian Farfetch’d
fearow;Rapasdepic;Fearow
feebas;Barpau;Feebas
fennekin;Feunnec;Fennekin
feraligatr;Aligatueur;Feraligatr
ferroseed;Grindur;Ferroseed
ferrothorn;Noacier;Ferrothorn
finneon;Écayon;Finneon
flaaffy;Lainergie;Flaaffy
flabebe;Flabébé;Flabébé
flapple;Pomdrapi;Flapple
flapple-gmax;Pomdrapi Gigamax;Gigantamax Flapple
flareon;Pyroli;Flareon
fletchinder;Braisillon;Fletchinder
fletchling;Passerouge;Fletchling
floatzel;Mustéflott;Floatzel
floette;Floette;Floette
floette-eternal;Floette Fleur Éternelle; Eternal Flower Floette
florges;Florges;Florges
flygon;Libégon;Flygon
fomantis;Mimantis;Fomantis
foongus;Trompignon;Foongus
forretress;Foretress;Forretress
fraxure;Incisache;Fraxure
frillish;Viskuse;Frillish
froakie;Grenousse;Froakie
frogadier;Croâporal;Frogadier
froslass;Momartik;Froslass
frosmoth;Beldeneige;Frosmoth
furfrou;Couafarel;Furfrou
furret;Fouinar;Furret
gabite;Carmache;Gabite
gallade;Gallame;Gallade
gallade-mega;Méga-Gallame;Mega Gallade
galvantula;Mygavolt;Galvantula
garbodor;Miasmax;Garbodor
garbodor-gmax;Miasmax Gigamax;Gigantamax Garbodor
garchomp;Carchacrok;Garchomp
garchomp-mega;Méga-Carchacrok;Mega Garchomp
gardevoir;Gardevoir;Gardevoir
gardevoir-mega;Méga-Gardevoir;Mega Gardevoir
gastly;Fantominus;Gastly
gastrodon;Tritosor;Gastrodon
genesect;Genesect;Genesect
gengar;Ectoplasma;Gengar
gengar-gmax;Ectoplasma Gigamax;Gigantamax Gengar
gengar-mega;Méga-Ectoplasma;Mega Gengar
geodude;Racaillou;Geodude
geodude-alola;Racaillou d'Alola;Alolan Geodude
gible;Griknot;Gible
gigalith;Gigalithe;Gigalith
girafarig;Girafarig;Girafarig
giratina-altered;Forme Alternative;Altered Forme
giratina-origin;Forme Originelle;Origin Forme
glaceon;Givrali;Glaceon
glalie;Oniglali;Glalie
glalie-mega;Méga-Oniglali;Mega Glalie
glameow;Chaglam;Glameow
glastrier;Blizzeval;Glastrier
gligar;Scorplane;Gligar
gliscor;Scorvol;Gliscor
gloom;Ortide;Gloom
gogoat;Chevroum;Gogoat
golbat;Nosferalto;Golbat
goldeen;Poissirène;Goldeen
golduck;Akwakwak;Golduck
golem;Grolem;Golem
golem-alola;Grolem d'Alola;Alolan Golem
golett;Gringolem;Golett
golisopod;Sarmuraï;Golisopod
golurk;Golemastoc;Golurk
goodra;Muplodocus;Goodra
goomy;Mucuscule;Goomy
gorebyss;Rosabyss;Gorebyss
gossifleur;Tournicoton;Gossifleur
gothita;Scrutella;Gothita
gothitelle;Sidérella;Gothitelle
gothorita;Mesmérella;Gothorita
gourgeist-average;Taille Normale;Average Size
gourgeist-large;Taille Maxi;Large Size
gourgeist-small;Taille Mini;Small Size
gourgeist-super;Taille Ultra;Super Size
granbull;Granbull;Granbull
grapploct;Krakos;Grapploct
graveler;Gravalanch;Graveler
graveler-alola;Gravalanch d'Alola;Alolan Graveler
greedent;Rongrigou;Greedent
greninja;Amphinobi;Greninja
greninja-ash;Forme Sacha;Ash-Greninja
greninja-battle-bond;Amphinobi;Greninja
grimer;Tadmorv;Grimer
grimer-alola;Tadmorv d'Alola;Alolan Grimer
grimmsnarl;Angoliath;Grimmsnarl
grimmsnarl-gmax;Angoliath Gigamax;Gigantamax Grimmsnarl
grookey;Ouistempo;Grookey
grotle;Boskara;Grotle
groudon;Groudon;Groudon
groudon-primal;Primo-Groudon;Primal Groudon
grovyle;Massko;Grovyle
growlithe;Caninos;Growlithe
grubbin;Larvibule;Grubbin
grumpig;Groret;Grumpig
gulpin;Gloupti;Gulpin
gumshoos;Argouste;Gumshoos
gumshoos-totem;Argouste Dominant;Totem Gumshoos
gurdurr;Ouvrifier;Gurdurr
guzzlord;Engloutyran;Guzzlord
gyarados;Léviator;Gyarados
gyarados-mega;Méga-Léviator;Mega Gyarados
hakamo-o;Écaïd;Hakamo-o
happiny;Ptiravi;Happiny
hariyama;Hariyama;Hariyama
hatenna;Bibichut;Hatenna
hatterene;Sorcilence;Hatterene
hatterene-gmax;Sorcilence Gigamax;Gigantamax Hatterene
hattrem;Chapotus;Hattrem
haunter;Spectrum;Haunter
hawlucha;Brutalibré;Hawlucha
haxorus;Tranchodon;Haxorus
heatmor;Aflamanoir;Heatmor
heatran;Heatran;Heatran
heliolisk;Iguolta;Heliolisk
helioptile;Galvaran;Helioptile
heracross;Scarhino;Heracross
heracross-mega;Méga-Scarhino;Mega Heracross
herdier;Ponchien;Herdier
hippopotas;Hippopotas;Hippopotas
hippowdon;Hippodocus;Hippowdon
hitmonchan;Tygnon;Hitmonchan
hitmonlee;Kicklee;Hitmonlee
hitmontop;Kapoera;Hitmontop
ho-oh;Ho-Oh;Ho-Oh
honchkrow;Corboss;Honchkrow
honedge;Monorpale;Honedge
hoopa;Forme Enchaînée;Hoopa Confined
hoopa-unbound;Forme Déchaînée;Hoopa Unbound
hoothoot;Hoothoot;Hoothoot
hoppip;Granivol;Hoppip
horsea;Hypotrempe;Horsea
houndoom;Démolosse;Houndoom
houndoom-mega;Méga-Démolosse;Mega Houndoom
houndour;Malosse;Houndour
huntail;Serpang;Huntail
hydreigon;Trioxhydre;Hydreigon
hypno;Hypnomade;Hypno
igglybuff;Toudoudou;Igglybuff
illumise;Lumivole;Illumise
impidimp;Grimalin;Impidimp
incineroar;Félinferno;Incineroar
indeedee-female;Wimessir femelle;Female Indeedee
indeedee-male;Wimessir mâle;Male Indeedee
infernape;Simiabraz;Infernape
inkay;Sepiatop;Inkay
inteleon;Lézargus;Inteleon
inteleon-gmax;Lézargus Gigamax;Gigantamax Inteleon
ivysaur;Herbizarre;Ivysaur
jangmo-o;Bébécaille;Jangmo-o
jellicent;Moyade;Jellicent
jigglypuff;Rondoudou;Jigglypuff
jirachi;Jirachi;Jirachi
jolteon;Voltali;Jolteon
joltik;Statitik;Joltik
jumpluff;Cotovol;Jumpluff
jynx;Lippoutou;Jynx
kabuto;Kabuto;Kabuto
kabutops;Kabutops;Kabutops
kadabra;Kadabra;Kadabra
kakuna;Coconfort;Kakuna
kangaskhan;Kangourex;Kangaskhan
kangaskhan-mega;Méga-Kangourex;Mega Kangaskhan
karrablast;Carabing;Karrablast
kartana;Katagami;Kartana
kecleon;Kecleon;Kecleon
keldeo-ordinary;Aspect Normal;Ordinary Form
keldeo-resolute;Aspect Décidé;Resolute Form
kingdra;Hyporoi;Kingdra
kingler;Krabboss;Kingler
kingler-gmax;Krabboss Gigamax;Gigantamax Kingler
kirlia;Kirlia;Kirlia
klang;Clic;Klang
klefki;Trousselin;Klefki
klink;Tic;Klink
klinklang;Cliticlic;Klinklang
koffing;Smogo;Koffing
komala;Dodoala;Komala
kommo-o;Ékaïser;Kommo-o
kommo-o-totem;Ékaïser Dominant;Totem Kommo-o
krabby;Krabby;Krabby
kricketot;Crikzik;Kricketot
kricketune;Mélokrik;Kricketune
krokorok;Escroco;Krokorok
krookodile;Crocorible;Krookodile
kubfu;Wushours;Kubfu
kyogre;Kyogre;Kyogre
kyogre-primal;Kyogre;Kyogre
kyurem;Kyurem;Kyurem
kyurem-black;Kyurem Noir;Black Kyurem
kyurem-white;Kyurem Blanc;White Kyurem
lairon;Galegon;Lairon
lampent;Mélancolux;Lampent
landorus-incarnate;Forme Avatar;Incarnate Forme
landorus-therian;Forme Totémique;Therian Forme
lanturn;Lanturn;Lanturn
lapras;Lokhlass;Lapras
lapras-gmax;Lokhlass Gigamax;Gigantamax Lapras
larvesta;Pyronille;Larvesta
larvitar;Embrylex;Larvitar
latias;Latias;Latias
latias-mega;Méga-Latias;Mega Latias
latios;Latios;Latios
latios-mega;Méga-Latios;Mega Latios
leafeon;Phyllali;Leafeon
leavanny;Manternel;Leavanny
ledian;Coxyclaque;Ledian
ledyba;Coxy;Ledyba
lickilicky;Coudlangue;Lickilicky
lickitung;Excelangue;Lickitung
liepard;Léopardus;Liepard
lileep;Lilia;Lileep
lilligant;Fragilady;Lilligant
lillipup;Ponchiot;Lillipup
linoone;Linéon;Linoone
linoone-galar;Linéon de Galar;Galarian Linoone
litleo;Hélionceau;Litleo
litten;Flamiaou;Litten
litwick;Funécire;Litwick
lombre;Lombre;Lombre
lopunny;Lockpin;Lopunny
lopunny-mega;Méga-Lockpin;Mega Lopunny
lotad;Nénupiot;Lotad
loudred;Ramboum;Loudred
lucario;Lucario;Lucario
lucario-mega;Méga-Lucario;Mega Lucario
ludicolo;Ludicolo;Ludicolo
lugia;Lugia;Lugia
lumineon;Luminéon;Lumineon
lunala;Lunala;Lunala
lunatone;Séléroc;Lunatone
lurantis;Floramantis;Lurantis
lurantis-totem;Floramantis Dominant;Totem Lurantis
luvdisc;Lovdisc;Luvdisc
luxio;Luxio;Luxio
luxray;Luxray;Luxray
lycanroc-dusk;Lougaroc;Dusk Form
lycanroc-midday;ougaroc Forme Diurne;Midday Form
lycanroc-midnight;Lougaroc Forme Nocturne;Midnight Form
machamp;Mackogneur;Machamp
machamp-gmax;Mackogneur Gigamax;Gigantamax Machamp
machoke;Machopeur;Machoke
machop;Machoc;Machop
magby;Magby;Magby
magcargo;Volcaropod;Magcargo
magearna;Forme Couleur du Passé;Magearna
magearna-original;Forme normale;Original Color Magearna
magikarp;Magicarpe;Magikarp
magmar;Magmar;Magmar
magmortar;Maganon;Magmortar
magnemite;Magnéti;Magnemite
magneton;Magnéton;Magneton
magnezone;Magnézone;Magnezone
makuhita;Makuhita;Makuhita
malamar;Sepiatroce;Malamar
mamoswine;Mammochon;Mamoswine
manaphy;Manaphy;Manaphy
mandibuzz;Vaututrice;Mandibuzz
manectric;Élecsprint;Manectric
manectric-mega;Méga-Élecsprint;Mega Manectric
mankey;Férosinge;Mankey
mantine;Démanta;Mantine
mantyke;Babimanta;Mantyke
maractus;Maracachi;Maractus
mareanie;Vorastérie;Mareanie
mareep;Wattouat;Mareep
marill;Marill;Marill
marowak;Ossatueur;Marowak
marowak-alola;Ossatueur d'Alola;Alolan Marowak
marowak-totem;Ossatueur Dominant;Totem Marowak
marshadow;Marshadow;Marshadow
marshtomp;Flobio;Marshtomp
masquerain;Maskadra;Masquerain
mawile;Mysdibule;Mawile
mawile-mega;Méga-Mysdibule;Mega Mawile
medicham;Charmina;Medicham
medicham-mega;Méga-Charmina;Mega Medicham
meditite;Méditikka;Meditite
meganium;Méganium;Meganium
melmetal;Melmetal;Melmetal
melmetal-gmax;Melmetal Gigamax;Gigantamax Melmetal
meloetta-aria;Forme Chant;Aria Forme
meloetta-pirouette;Forme Danse;Pirouette Forme
meltan;Meltan;Meltan
meowstic-female;Mistigrix femelle;Female Meowstic
meowstic-male;Mistigrix mâle;Male Meowstic
meowth;Miaouss;Meowth
meowth-alola;Miaouss d'Alola;Alolan Meowth
meowth-galar;Miaouss de Galar;Galarian Meowth
meowth-gmax;Miaouss Gigamax;Gigantamax Meowth
mesprit;Créfollet;Mesprit
metagross;Métalosse;Metagross
metagross-mega;Méga-Métalosse;Mega Metagross
metang;Métang;Metang
metapod;Chrysacier;Metapod
mew;Mew;Mew
mewtwo;Mewtwo;Mewtwo
mewtwo-mega-x;Méga-Mewtwo X;Mega Mewtwo X
mewtwo-mega-y;Méga-Mewtwo Y;Mega Mewtwo Y
mienfoo;Kungfouine;Mienfoo
mienshao;Shaofouine;Mienshao
mightyena;Grahyèna;Mightyena
milcery;Crèmy;Milcery
milotic;Milobellus;Milotic
miltank;Écrémeuh;Miltank
mime-jr;Mime Jr.;Mime Jr.
mimikyu-busted;Forme Déguisée;Busted Form
mimikyu-disguised;Forme Déguisée;Disguised Form
mimikyu-totem-busted;Forme Déguisée Dominant;Totem Busted Mimikyu
mimikyu-totem-disguised;Forme Démasquée;Totem Disguised Mimikyu
minccino;Chinchidou;Minccino
minior-blue;Forme Noyau bleu;Blue Core
minior-blue-meteor;Forme Météore bleu;Blue Meteor Form
minior-green;Forme Noyau verte;Green Core
minior-green-meteor;Forme Météore verte;Green Meteor Form
minior-indigo;Forme Noyau indigo;Indigo Core
minior-indigo-meteor;Forme Météore indigo;Indigo Meteor Form
minior-orange;Forme Noyau orange Core;FAUX
minior-orange-meteor;Forme Météore orange;Orange Meteor Form
minior-red;Forme Noyau rouge;Red Core
minior-red-meteor;Forme Météore rouge;Red Meteor Form
minior-violet;Forme Noyau violet;Violet Core
minior-violet-meteor;Forme Météore violet;Violet Meteor Form
minior-yellow;Forme Noyau jaune;Yello Core
minior-yellow-meteor;Forme Météore jaune;Yellow Meteor Form
minun;Négapi;Minun
misdreavus;Feuforêve;Misdreavus
mismagius;Magirêve;Mismagius
moltres;Sulfura;Moltres
moltres-galar;Sulfura de Galar;Galarian Moltres
monferno;Chimpenfeu;Monferno
morelull;Spododo;Morelull
morgrem;Fourbelin;Morgrem
morpeko;Morpeko;Morpeko
mothim;Papilord;Mothim
mr-mime;M. Mime;Mr. Mime
mr-mime-galar;M. Mime de Galar;Galarian Mr. Mime
mr-rime;M. Glaquette;Mr. Rime
mudbray;Tiboudet;Mudbray
mudkip;Gobou;Mudkip
mudsdale;Bourrinos;Mudsdale
muk;Grotadmorv;Muk
muk-alola;Grotadmorv d'Alola;Alolan Muk
munchlax;Goinfrex;Munchlax
munna;Munna;Munna
murkrow;Cornèbre;Murkrow
musharna;Mushana;Musharna
naganadel;Mandrillon;Naganadel
natu;Natu;Natu
necrozma;Necrozma;Necrozma
necrozma-dawn;Necrozma Ailes de l'Aurore;Dusk Mane Necrozma
necrozma-dusk;Necrozma Crinière du Couchant;Dawn Wings Necrozma
necrozma-ultra;Ultra-Necrozma;Ultra Necrozma
nickit;Goupilou;Nickit
nidoking;Nidoking;Nidoking
nidoqueen;Nidoqueen;Nidoqueen
nidoran-f;Nidoran?;Nidoran?
nidoran-m;Nidoran?;Nidoran?
nidorina;Nidorina;Nidorina
nidorino;Nidorino;Nidorino
nihilego;Zéroïd;Nihilego
nincada;Ningale;Nincada
ninetales;Feunard;Ninetales
ninetales-alola;Feunard d'Alola;Alolan Ninetales
ninjask;Ninjask;Ninjask
noctowl;Noarfang;Noctowl
noibat;Sonistrelle;Noibat
noivern;Bruyverne;Noivern
nosepass;Tarinor;Nosepass
numel;Chamallot;Numel
nuzleaf;Pifeuil;Nuzleaf
obstagoon;Ixon;Obstagoon
octillery;Octillery;Octillery
oddish;Mystherbe;Oddish
omanyte;Amonita;Omanyte
omastar;Amonistar;Omastar
onix;Onix;Onix
oranguru;Gouroutan;Oranguru
orbeetle;Astronelle;Orbeetle
orbeetle-gmax;Astronelle Gigamax;Gigantamax Orbeetle
oricorio-baile;Style Flamenco;Baile Style
oricorio-pau;Style Hula;Pa'u Style
oricorio-pom-pom;Style Pom-Pom;Pom-Pom Style
oricorio-sensu;Sensu Style;Style Buy?
oshawott;Moustillon;Oshawott
pachirisu;Pachirisu;Pachirisu
palkia;Palkia;Palkia
palossand;Trépassable;Palossand
palpitoad;Batracné;Palpitoad
pancham;Pandespiègle;Pancham
pangoro;Pandarbare;Pangoro
panpour;Flotajou;Panpour
pansage;Feuillajou;Pansage
pansear;Flamajou;Pansear
paras;Paras;Paras
parasect;Parasect;Parasect
passimian;Quartermac;Passimian
patrat;Ratentif;Patrat
pawniard;Scalpion;Pawniard
pelipper;Bekipan;Pelipper
perrserker;Berserkatt;Perrserker
persian;Persian;Persian
persian-alola;Persian d'Alola;Alolan Persian
petilil;Chlorobule;Petilil
phanpy;Phanpy;Phanpy
phantump;Brocélôme;Phantump
pheromosa;Cancrelove;Pheromosa
phione;Phione;Phione
pichu;Pichu;Pichu
pidgeot;Roucarnage;Pidgeot
pidgeot-mega;Méga-Roucarnage;Mega Pidgeot
pidgeotto;Roucoups;Pidgeotto
pidgey;Roucool;Pidgey
pidove;Poichigeon;Pidove
pignite;Grotichon;Pignite
pikachu;Pikachu;Pikachu
pikachu-alola-cap;Pikachu (Casquette d'Alola);Alola Cap
pikachu-belle;Pikachu Lady;Pikachu Belle
pikachu-cosplay;Pikachu Cosplayeur;Cosplay Pikachu
pikachu-gmax;Pikachu Gigamax;Gigantamax Pikachu
pikachu-hoenn-cap;Pikachu (Casquette de Hoenn);Hoenn Cap
pikachu-kalos-cap;Pikachu (Casquette de Kalos);Kalos Cap
pikachu-libre;Pikachu Libre;World Cap
pikachu-original-cap;Casquette Originale;Pikachu in a cap
pikachu-partner-cap;Casquette Partenaire;Partner Cap
pikachu-phd;Pikachu Docteur;Pikachu, Ph.D
pikachu-pop-star;Pikachu Star;Pikachu Pop Star
pikachu-rock-star;Pikachu Rockeur;Pikachu Rock Star
pikachu-sinnoh-cap;Pikachu (Casquette de Sinnoh);Sinnoh Cap
pikachu-unova-cap;Pikachu (Casquette d'Unys);Unova Cap
pikipek;Picassaut;Pikipek
piloswine;Cochignon;Piloswine
pincurchin;Wattapik;Pincurchin
pineco;Pomdepik;Pineco
pinsir;Scarabrute;Pinsir
pinsir-mega;Méga-Scarabrute;Mega Pinsir
piplup;Tiplouf;Piplup
plusle;Posipi;Plusle
poipole;Vémini;Poipole
politoed;Tarpaud;Politoed
poliwag;Ptitard;Poliwag
poliwhirl;Têtarte;Poliwhirl
poliwrath;Tartard;Poliwrath
polteageist;Polthégeist;Polteageist
ponyta;Ponyta;Ponyta
ponyta-galar;Ponyta de Galar;Galarian Ponyta
poochyena;Medhyèna;Poochyena
popplio;Otaquin;Popplio
porygon;Porygon;Porygon
porygon-z;Porygon-Z;Porygon-Z
porygon2;Porygon2;Porygon2
primarina;Oratoria;Primarina
primeape;Colossinge;Primeape
prinplup;Prinplouf;Prinplup
probopass;Tarinorme;Probopass
psyduck;Psykokwak;Psyduck
pumpkaboo-average;Taille Normale;Average Size
pumpkaboo-large;Taille Maxi;Large Size
pumpkaboo-small;Taille Mini;Small Size
pumpkaboo-super;Taille Ultra;Super Size
pupitar;Ymphect;Pupitar
purrloin;Chacripan;Purrloin
purugly;Chaffreux;Purugly
pyroar;Némélios;Pyroar
pyukumuku;Concombaffe;Pyukumuku
quagsire;Maraiste;Quagsire
quilava;Feurisson;Quilava
quilladin;Boguérisse;Quilladin
qwilfish;Qwilfish;Qwilfish
raboot;Lapyro;Raboot
raichu;Raichu;Raichu
raichu-alola;Raichu d'Alola;Alolan Raichu
raikou;Raikou;Raikou
ralts;Tarsal;Ralts
rampardos;Charkos;Rampardos
rapidash;Galopa;Rapidash
rapidash-galar;Galopa de Galar;Galarian Rapidash
raticate;Rattatac;Raticate
raticate-alola;Rattatac d'Alola;Alolan Raticate
raticate-totem-alola;Rattatac d'Alola Dominant;Totem Alolan Raticate
rattata;Rattata;Rattata
rattata-alola;Rattata d'Alola;Alolan Rattata
rayquaza;Rayquaza;Rayquaza
rayquaza-mega;Méga-Rayquaza;Mega Rayquaza
regice;Regice;Regice
regidrago;Regidrago;Regidrago
regieleki;Regieleki;Regieleki
regigigas;Regigigas;Regigigas
regirock;Regirock;Regirock
registeel;Registeel;Registeel
relicanth;Relicanth;Relicanth
remoraid;Rémoraid;Remoraid
reshiram;Reshiram;Reshiram
reuniclus;Symbios;Reuniclus
rhydon;Rhinoféros;Rhydon
rhyhorn;Rhinocorne;Rhyhorn
rhyperior;Rhinastoc;Rhyperior
ribombee;Rubombelle;Ribombee
ribombee-totem;Rubombelle Dominant;Totem Ribombee
rillaboom;Gorythmic;Rillaboom
rillaboom-gmax;Gorythmic Gigamax;Gigantamax Rillaboom
riolu;Riolu;Riolu
rockruff;Rocabot;Rockruff
rockruff-own-tempo;Rocabot Tempo Perso;Own Tempo Rockruff
roggenrola;Nodulithe;Roggenrola
rolycoly;Charbi;Rolycoly
rookidee;Minisange;Rookidee
roselia;Rosélia;Roselia
roserade;Roserade;Roserade
rotom;Motisma;Rotom
rotom-fan;Forme Hélice;Fan Rotom
rotom-frost;Forme Froid;Frost Rotom
rotom-heat;Forme Chaleur;Heat Rotom
rotom-mow;Forme Tonte;Mow Rotom
rotom-wash;Forme Lavage;Wash Rotom
rowlet;Brindibou;Rowlet
rufflet;Furaiglon;Rufflet
runerigus;Tutétékri;Runerigus
sableye;Ténéfix;Sableye
sableye-mega;Méga-Ténéfix;Mega Sableye
salamence;Drattak;Salamence
salamence-mega;Méga-Drattak;Mega Salamence
salandit;Tritox;Salandit
salazzle;Malamandre;Salazzle
salazzle-totem;Malamandre Dominant;Totem Salazzle
samurott;Clamiral;Samurott
sandaconda;Dunaconda;Sandaconda
sandaconda-gmax;Dunaconda Gigamax;Gigantamax Sandaconda
sandile;Mascaïman;Sandile
sandshrew;Sabelette;Sandshrew
sandshrew-alola;Sabelette d'Alola;Alolan Sandshrew
sandslash;Sablaireau;Sandslash
sandslash-alola;Sablaireau d'Alola;Alolan Sandslash
sandygast;Bacabouh;Sandygast
sawk;Karaclée;Sawk
sawsbuck;Haydaim;Sawsbuck
scatterbug;Lépidonille;Scatterbug
sceptile;Jungko;Sceptile
sceptile-mega;Méga-Jungko;Mega Sceptile
scizor;Cizayox;Scizor
scizor-mega;Méga-Cizayox;Mega Scizor
scolipede;Brutapode;Scolipede
scorbunny;Flambino;Scorbunny
scrafty;Baggaïd;Scrafty
scraggy;Baggiguane;Scraggy
scyther;Insécateur;Scyther
seadra;Hypocéan;Seadra
seaking;Poissoroy;Seaking
sealeo;Phogleur;Sealeo
seedot;Grainipiot;Seedot
seel;Otaria;Seel
seismitoad;Crapustule;Seismitoad
sentret;Fouinette;Sentret
serperior;Majaspic;Serperior
servine;Lianaja;Servine
seviper;Séviper;Seviper
sewaddle;Larveyette;Sewaddle
sharpedo;Sharpedo;Sharpedo
sharpedo-mega;Méga-Sharpedo;Mega Sharpedo
shaymin-land;Forme Terrestre;Land Forme
shaymin-sky;Forme Céleste;Sky Forme
shedinja;Munja;Shedinja
shelgon;Drackhaus;Shelgon
shellder;Kokiyas;Shellder
shellos;Sancoki;Shellos
shelmet;Escargaume;Shelmet
shieldon;Dinoclier;Shieldon
shiftry;Tengalice;Shiftry
shiinotic;Lampignon;Shiinotic
shinx;Lixy;Shinx
shroomish;Balignon;Shroomish
shuckle;Caratroc;Shuckle
shuppet;Polichombr;Shuppet
sigilyph;Cryptéro;Sigilyph
silcoon;Armulys;Silcoon
silicobra;Dunaja;Silicobra
silvally;Silvallié;Silvally
simipour;Flotoutan;Simipour
simisage;Feuiloutan;Simisage
simisear;Flamoutan;Simisear
sinistea;Théffroi;Sinistea
sirfetchd;Palarticho;Sirfetch'd
sizzlipede;Grillepattes;Sizzlipede
skarmory;Airmure;Skarmory
skiddo;Cabriolaine;Skiddo
skiploom;Floravol;Skiploom
skitty;Skitty;Skitty
skorupi;Rapion;Skorupi
skrelp;Venalgue;Skrelp
skuntank;Moufflair;Skuntank
skwovet;Rongourmand;Skwovet
slaking;Monaflèmit;Slaking
slakoth;Parecool;Slakoth
sliggoo;Colimucus;Sliggoo
slowbro;Flagadoss;Slowbro
slowbro-galar;Flagadoss de Galar;Galarian Slowbro
slowbro-mega;Méga-Flagadoss;Mega Slowbro
slowking;Roigada;Slowking
slowking-galar;Roigada de Galar;Galarian Slowking
slowpoke;Ramoloss;Slowpoke
slowpoke-galar;Ramoloss de Galar;Galarian Slowpoke
slugma;Limagma;Slugma
slurpuff;Cupcanaille;Slurpuff
smeargle;Queulorior;Smeargle
smoochum;Lippouti;Smoochum
sneasel;Farfuret;Sneasel
snivy;Vipélierre;Snivy
snom;Frissonille;Snom
snorlax;Ronflex;Snorlax
snorlax-gmax;Ronflex Gigamax;Gigantamax Snorlax
snorunt;Stalgamin;Snorunt
snover;Blizzi;Snover
snubbull;Snubbull;Snubbull
sobble;Larméléon;Sobble
solgaleo;Solgaleo;Solgaleo
solosis;Nucléos;Solosis
solrock;Solaroc;Solrock
spearow;Piafabec;Spearow
spectrier;Spectreval;Spectrier
spewpa;Pérégrain;Spewpa
spheal;Obalie;Spheal
spinarak;Mimigal;Spinarak
spinda;Spinda;Spinda
spiritomb;Spiritomb;Spiritomb
spoink;Spoink;Spoink
spritzee;Fluvetin;Spritzee
squirtle;Carapuce;Squirtle
stakataka;Ama-Ama;Stakataka
stantler;Cerfrousse;Stantler
staraptor;Étouraptor;Staraptor
staravia;Étourvol;Staravia
starly;Étourmi;Starly
starmie;Staross;Starmie
staryu;Stari;Staryu
steelix;Steelix;Steelix
steelix-mega;Méga-Steelix;Mega Steelix
steenee;Candine;Steenee
stonjourner;Dolman;Stonjourner
stoutland;Mastouffe;Stoutland
stufful;Nounourson;Stufful
stunfisk;Limonde;Stunfisk
stunfisk-galar;Limonde de Galar;Galarian Stunfisk
stunky;Moufouette;Stunky
sudowoodo;Simularbre;Sudowoodo
suicune;Suicune;Suicune
sunflora;Héliatronc;Sunflora
sunkern;Tournegrin;Sunkern
surskit;Arakdo;Surskit
swablu;Tylton;Swablu
swadloon;Couverdure;Swadloon
swalot;Avaltout;Swalot
swampert;Laggron;Swampert
swampert-mega;Méga-Laggron;Mega Swampert
swanna;Lakmécygne;Swanna
swellow;Hélédelle;Swellow
swinub;Marcacrin;Swinub
swirlix;Sucroquin;Swirlix
swoobat;Rhinolove;Swoobat
sylveon;Nymphali;Sylveon
taillow;Nirondelle;Taillow
talonflame;Flambusard;Talonflame
tangela;Saquedeneu;Tangela
tangrowth;Bouldeneu;Tangrowth
tapu-bulu;Tokotoro;Tapu Bulu
tapu-fini;Tokopisco;Tapu Fini
tapu-koko;Tokorico;Tapu Koko
tapu-lele;Tokopiyon;Tapu Lele
tauros;Tauros;Tauros
teddiursa;Teddiursa;Teddiursa
tentacool;Tentacool;Tentacool
tentacruel;Tentacruel;Tentacruel
tepig;Gruikui;Tepig
terrakion;Terrakium;Terrakion
thievul;Roublenard;Thievul
throh;Judokrak;Throh
thundurus-incarnate;Fulguris Avatar;FulgurisIncarnate Forme
thundurus-therian;Fulguris Totémique;Fulguris Therian Forme
thwackey;Badabouin;Thwackey
timburr;Charpenti;Timburr
tirtouga;Carapagos;Tirtouga
togedemaru;Togedemaru;Togedemaru
togedemaru-totem;Togedemaru Dominant;Totem Togedemaru
togekiss;Togekiss;Togekiss
togepi;Togepi;Togepi
togetic;Togetic;Togetic
torchic;Poussifeu;Torchic
torkoal;Chartor;Torkoal
tornadus-incarnate;Boréas Avatar;Tornadus Incarnate Form
tornadus-therian;Boréas Totémique;Tornadus Therian Forme
torracat;Matoufeu;Torracat
torterra;Torterra;Torterra
totodile;Kaiminus;Totodile
toucannon;Bazoucan;Toucannon
toxapex;Prédastérie;Toxapex
toxel;Toxizap;Toxel
toxicroak;Coatox;Toxicroak
toxtricity-amped;Forme Aigüe;Amped Form
toxtricity-amped-gmax;Salarsen Gigamax;Gigantamax Toxtricity
toxtricity-low-key;Forme Grave;Low Key Form
toxtricity-low-key-gmax;Salarsen Gigamax;Gigantamax Toxtricity
tranquill;Colombeau;Tranquill
trapinch;Kraknoix;Trapinch
treecko;Arcko;Treecko
trevenant;Desséliande;Trevenant
tropius;Tropius;Tropius
trubbish;Miamiasme;Trubbish
trumbeak;Piclairon;Trumbeak
tsareena;Sucreine;Tsareena
turtonator;Boumata;Turtonator
turtwig;Tortipouss;Turtwig
tympole;Tritonde;Tympole
tynamo;Anchwatt;Tynamo
type-null;Type:0;Type: Null
typhlosion;Typhlosion;Typhlosion
tyranitar;Tyranocif;Tyranitar
tyranitar-mega;Méga-Tyranocif;Mega Tyranitar
tyrantrum;Rexillius;Tyrantrum
tyrogue;Debugant;Tyrogue
tyrunt;Ptyranidur;Tyrunt
umbreon;Noctali;Umbreon
unfezant;Déflaisan;Unfezant
unown;Zarbi;Unown
ursaring;Ursaring;Ursaring
urshifu-rapid-strike;Style Mille Poings;Urshifu
urshifu-rapid-strike-gmax;Shifours Gigamax;Gigantamax Urshifu (Rapid Strike Style)
urshifu-single-strike;Style Poing Final;Urshifu
urshifu-single-strike-gmax;Shifours Gigamax;Gigantamax Urshifu (Single Strike Style)
uxie;Créhelf;Uxie
vanillish;Sorboul;Vanillish
vanillite;Sorbébé;Vanillite
vanilluxe;Sorbouboul;Vanilluxe
vaporeon;Aquali;Vaporeon
venipede;Venipatte;Venipede
venomoth;Aéromite;Venomoth
venonat;Mimitoss;Venonat
venusaur;Florizarre;Venusaur
venusaur-gmax;Florizarre Gigamax;Gigantamax Venusaur
venusaur-mega;Méga-Florizarre;Mega Venusaur
vespiquen;Apireine;Vespiquen
vibrava;Vibraninf;Vibrava
victini;Victini;Victini
victreebel;Empiflor;Victreebel
vigoroth;Vigoroth;Vigoroth
vikavolt;Lucanon;Vikavolt
vikavolt-totem;Lucanon Dominant;Totem Vikavolt
vileplume;Rafflesia;Vileplume
virizion;Viridium;Virizion
vivillon;Prismillon;Vivillon
volbeat;Muciole;Volbeat
volcanion;Volcanion;Volcanion
volcarona;Pyrax;Volcarona
voltorb;Voltorbe;Voltorb
vullaby;Vostourno;Vullaby
vulpix;Goupix;Vulpix
vulpix-alola;Goupix d'Alola;Alolan Vulpix
wailmer;Wailmer;Wailmer
wailord;Wailord;Wailord
walrein;Kaimorse;Walrein
wartortle;Carabaffe;Wartortle
watchog;Miradar;Watchog
weavile;Dimoret;Weavile
weedle;Aspicot;Weedle
weepinbell;Boustiflor;Weepinbell
weezing;Smogogo;Weezing
weezing-galar;Smogogo de Galar;Galarian Weezing
whimsicott;Farfaduvet;Whimsicott
whirlipede;Scobolide;Whirlipede
whiscash;Barbicha;Whiscash
whismur;Chuchmur;Whismur
wigglytuff;Grodoudou;Wigglytuff
wimpod;Sovkipou;Wimpod
wingull;Goélise;Wingull
wishiwashi-school;Forme Banc;School Form
wishiwashi-solo;Forme Solitaire;Solo Form
wobbuffet;Qulbutoké;Wobbuffet
woobat;Chovsourir;Woobat
wooloo;Moumouton;Wooloo
wooper;Axoloto;Wooper
wormadam-plant;Cheniselle Cape Plante;Plant Cloak
wormadam-sandy;Cheniselle Cape Sable;Sandy Cloak
wormadam-trash;Cheniselle Cape Déchet;Trash Cloak
wurmple;Chenipotte;Wurmple
wynaut;Okéoké;Wynaut
xatu;Xatu;Xatu
xerneas;Xerneas;Xerneas
xurkitree;Câblifère;Xurkitree
yamask;Tutafeh;Yamask
yamask-galar;Tutafeh de Galar;Galarian Yamask
yamper;Voltoutou;Yamper
yanma;Yanma;Yanma
yanmega;Yanmega;Yanmega
yungoos;Manglouton;Yungoos
yveltal;Yveltal;Yveltal
zacian-crowned;Forme Épée Suprême;Crowned Sword
zacian-hero;Forme Héros Aguerri;Hero of Many Battles
zamazenta-crowned;Forme Bouclier Suprême;Crowned Shield
zamazenta-hero;Forme Héros Aguerri;Hero of Many Battles
zangoose;Mangriff;Zangoose
zapdos;Électhor;Zapdos
zapdos-galar;Électhor de Galar;Galarian Zapdos
zarude;Zarude;Zarude
zebstrika;Zéblitz;Zebstrika
zekrom;Zekrom;Zekrom
zeraora;Zeraora;Zeraora
zigzagoon;Zigzaton;Zigzagoon
zigzagoon-galar;Zigzaton de Galar;Galarian Zigzagoon
zoroark;Zoroark;Zoroark
zorua;Zorua;Zorua
zubat;Nosferapti;Zubat
zweilous;Diamat;Zweilous
zygarde;Zygarde;Zygarde
zygarde-10;Forme 10 %;10% Forme
zygarde-50;Forme 50 %;50% Forme
zygarde-complete;Forme Parfaite;Complete Forme
